<?xml version="1.0" standalone="no"?>
<?xml-stylesheet type='text/xsl' href='MassDataHandlerLogFile.xsl'?>
<LogFile titleName="HMITags Log_3.xml" projectName="C:\Users\adm-pcs\Desktop\HMITags.xlsx" typeText="Type" messageText="Message" timeText="Time">
  <LogEntry type="Warning" dateTime="11:35:08 AM">
    <Message>The value 100 of HMI tag pump.heating.state was not found in worksheet Hmi Tags, row 49, column Synchronization. pump.heating.state is not completely imported.</Message>
  </LogEntry>
  <LogEntry type="Warning" dateTime="11:35:08 AM">
    <Message>The value 100 of HMI tag pump.cooling.state was not found in worksheet Hmi Tags, row 50, column Synchronization. pump.cooling.state is not completely imported.</Message>
  </LogEntry>
  <LogEntry type="Information" dateTime="11:35:08 AM">
    <Message>The value in column Start value HMI of the HMI tag valve.inlet.state is not specified in worksheet Hmi Tags, row 35, column Start value HMI and is ignored during import.</Message>
  </LogEntry>
  <LogEntry type="Information" dateTime="11:35:08 AM">
    <Message>The value in column Synchronization of the HMI tag valve.inlet.state is not specified in worksheet Hmi Tags, row 35, column Synchronization and is ignored during import.</Message>
  </LogEntry>
  <LogEntry type="Information" dateTime="11:35:08 AM">
    <Message>The value in column Start value HMI of the HMI tag valve.water.state is not specified in worksheet Hmi Tags, row 36, column Start value HMI and is ignored during import.</Message>
  </LogEntry>
  <LogEntry type="Information" dateTime="11:35:08 AM">
    <Message>The value in column Synchronization of the HMI tag valve.water.state is not specified in worksheet Hmi Tags, row 36, column Synchronization and is ignored during import.</Message>
  </LogEntry>
  <LogEntry type="Information" dateTime="11:35:08 AM">
    <Message>The value in column Start value HMI of the HMI tag valve.drain.state is not specified in worksheet Hmi Tags, row 37, column Start value HMI and is ignored during import.</Message>
  </LogEntry>
  <LogEntry type="Information" dateTime="11:35:08 AM">
    <Message>The value in column Synchronization of the HMI tag valve.drain.state is not specified in worksheet Hmi Tags, row 37, column Synchronization and is ignored during import.</Message>
  </LogEntry>
  <LogEntry type="Information" dateTime="11:35:08 AM">
    <Message>The value in column Start value HMI of the HMI tag valve.circulation.state is not specified in worksheet Hmi Tags, row 38, column Start value HMI and is ignored during import.</Message>
  </LogEntry>
  <LogEntry type="Information" dateTime="11:35:08 AM">
    <Message>The value in column Synchronization of the HMI tag valve.circulation.state is not specified in worksheet Hmi Tags, row 38, column Synchronization and is ignored during import.</Message>
  </LogEntry>
  <LogEntry type="Information" dateTime="11:35:08 AM">
    <Message>The value in column Start value HMI of the HMI tag valve.bypass.state is not specified in worksheet Hmi Tags, row 39, column Start value HMI and is ignored during import.</Message>
  </LogEntry>
  <LogEntry type="Information" dateTime="11:35:08 AM">
    <Message>The value in column Synchronization of the HMI tag valve.bypass.state is not specified in worksheet Hmi Tags, row 39, column Synchronization and is ignored during import.</Message>
  </LogEntry>
  <LogEntry type="Information" dateTime="11:35:08 AM">
    <Message>The value in column Start value HMI of the HMI tag valve.outlet.state is not specified in worksheet Hmi Tags, row 40, column Start value HMI and is ignored during import.</Message>
  </LogEntry>
  <LogEntry type="Information" dateTime="11:35:08 AM">
    <Message>The value in column Synchronization of the HMI tag valve.outlet.state is not specified in worksheet Hmi Tags, row 40, column Synchronization and is ignored during import.</Message>
  </LogEntry>
  <LogEntry type="Information" dateTime="11:35:08 AM">
    <Message>The value in column Start value HMI of the HMI tag valve.outlet_product.state is not specified in worksheet Hmi Tags, row 41, column Start value HMI and is ignored during import.</Message>
  </LogEntry>
  <LogEntry type="Information" dateTime="11:35:08 AM">
    <Message>The value in column Synchronization of the HMI tag valve.outlet_product.state is not specified in worksheet Hmi Tags, row 41, column Synchronization and is ignored during import.</Message>
  </LogEntry>
  <LogEntry type="Information" dateTime="11:35:08 AM">
    <Message>The value in column Start value HMI of the HMI tag valve.heating.state is not specified in worksheet Hmi Tags, row 42, column Start value HMI and is ignored during import.</Message>
  </LogEntry>
  <LogEntry type="Information" dateTime="11:35:08 AM">
    <Message>The value in column Synchronization of the HMI tag valve.heating.state is not specified in worksheet Hmi Tags, row 42, column Synchronization and is ignored during import.</Message>
  </LogEntry>
  <LogEntry type="Information" dateTime="11:35:08 AM">
    <Message>The value in column Start value HMI of the HMI tag valve.cooling.state is not specified in worksheet Hmi Tags, row 43, column Start value HMI and is ignored during import.</Message>
  </LogEntry>
  <LogEntry type="Information" dateTime="11:35:08 AM">
    <Message>The value in column Synchronization of the HMI tag valve.cooling.state is not specified in worksheet Hmi Tags, row 43, column Synchronization and is ignored during import.</Message>
  </LogEntry>
  <LogEntry type="Information" dateTime="11:35:08 AM">
    <Message>The value in column Start value HMI of the HMI tag controlvalve.outlet.state is not specified in worksheet Hmi Tags, row 44, column Start value HMI and is ignored during import.</Message>
  </LogEntry>
  <LogEntry type="Information" dateTime="11:35:08 AM">
    <Message>The value in column Synchronization of the HMI tag controlvalve.outlet.state is not specified in worksheet Hmi Tags, row 44, column Synchronization and is ignored during import.</Message>
  </LogEntry>
  <LogEntry type="Information" dateTime="11:35:08 AM">
    <Message>The value in column Start value HMI of the HMI tag controlvalve.heating.state is not specified in worksheet Hmi Tags, row 45, column Start value HMI and is ignored during import.</Message>
  </LogEntry>
  <LogEntry type="Information" dateTime="11:35:08 AM">
    <Message>The value in column Synchronization of the HMI tag controlvalve.heating.state is not specified in worksheet Hmi Tags, row 45, column Synchronization and is ignored during import.</Message>
  </LogEntry>
  <LogEntry type="Information" dateTime="11:35:08 AM">
    <Message>The value in column Start value HMI of the HMI tag controlvalve.cooling.state is not specified in worksheet Hmi Tags, row 46, column Start value HMI and is ignored during import.</Message>
  </LogEntry>
  <LogEntry type="Information" dateTime="11:35:08 AM">
    <Message>The value in column Synchronization of the HMI tag controlvalve.cooling.state is not specified in worksheet Hmi Tags, row 46, column Synchronization and is ignored during import.</Message>
  </LogEntry>
  <LogEntry type="Information" dateTime="11:35:08 AM">
    <Message>The value in column Start value HMI of the HMI tag pump.inlet.state is not specified in worksheet Hmi Tags, row 47, column Start value HMI and is ignored during import.</Message>
  </LogEntry>
  <LogEntry type="Information" dateTime="11:35:08 AM">
    <Message>The value in column Synchronization of the HMI tag pump.inlet.state is not specified in worksheet Hmi Tags, row 47, column Synchronization and is ignored during import.</Message>
  </LogEntry>
  <LogEntry type="Information" dateTime="11:35:08 AM">
    <Message>The value in column Start value HMI of the HMI tag pump.booster.state is not specified in worksheet Hmi Tags, row 48, column Start value HMI and is ignored during import.</Message>
  </LogEntry>
  <LogEntry type="Information" dateTime="11:35:08 AM">
    <Message>The value in column Synchronization of the HMI tag pump.booster.state is not specified in worksheet Hmi Tags, row 48, column Synchronization and is ignored during import.</Message>
  </LogEntry>
  <LogEntry type="Information" dateTime="11:35:08 AM">
    <Message>Import finished: 49 tag(s) imported.</Message>
  </LogEntry>
</LogFile>