<?xml version="1.0" standalone="no"?>
<?xml-stylesheet type='text/xsl' href='MassDataHandlerLogFile.xsl'?>
<LogFile titleName="HMITags Log_2.xml" projectName="C:\Users\adm-pcs\Desktop\HMITags.xlsx" typeText="Type" messageText="Message" timeText="Time">
  <LogEntry type="Warning" dateTime="4:08:07 PM">
    <Message>The value actuator.pump.inlet.closed of HMI tag pump.inlet.cls was not found in worksheet Hmi Tags, row 15, column PLC tag. pump.inlet.cls is not completely imported.</Message>
  </LogEntry>
  <LogEntry type="Warning" dateTime="4:08:07 PM">
    <Message>The value actuator.pump.booster.closed of HMI tag pump.booster.cls was not found in worksheet Hmi Tags, row 16, column PLC tag. pump.booster.cls is not completely imported.</Message>
  </LogEntry>
  <LogEntry type="Warning" dateTime="4:08:07 PM">
    <Message>The value actuator.pump.heating.closed of HMI tag pump.heating.cls was not found in worksheet Hmi Tags, row 17, column PLC tag. pump.heating.cls is not completely imported.</Message>
  </LogEntry>
  <LogEntry type="Warning" dateTime="4:08:07 PM">
    <Message>The value actuator.pump.cooling.closed of HMI tag pump.cooling.cls was not found in worksheet Hmi Tags, row 18, column PLC tag. pump.cooling.cls is not completely imported.</Message>
  </LogEntry>
  <LogEntry type="Warning" dateTime="4:08:07 PM">
    <Message>The value actuator.actuator.controlvalve.heating.setpoint of HMI tag controlvalve.heating.sp was not found in worksheet Hmi Tags, row 19, column PLC tag. controlvalve.heating.sp is not completely imported.</Message>
  </LogEntry>
  <LogEntry type="Warning" dateTime="4:08:07 PM">
    <Message>The value measurement.quanitity of HMI tag quantity.act was not found in worksheet Hmi Tags, row 27, column PLC tag. quantity.act is not completely imported.</Message>
  </LogEntry>
  <LogEntry type="Warning" dateTime="4:08:07 PM">
    <Message>The value calculation.pu.sp of HMI tag pu.sp was not found in worksheet Hmi Tags, row 32, column PLC tag. pu.sp is not completely imported.</Message>
  </LogEntry>
  <LogEntry type="Warning" dateTime="4:08:07 PM">
    <Message>The value calculation.pu.act of HMI tag pu.act was not found in worksheet Hmi Tags, row 33, column PLC tag. pu.act is not completely imported.</Message>
  </LogEntry>
  <LogEntry type="Information" dateTime="4:08:07 PM">
    <Message>Import finished: 32 tag(s) imported.</Message>
  </LogEntry>
</LogFile>