<?xml version="1.0" standalone="no"?>
<?xml-stylesheet type='text/xsl' href='MassDataHandlerLogFile.xsl'?>
<LogFile titleName="HMITags Log_1.xml" projectName="C:\Users\adm-pcs\Desktop\HMITags.xlsx" typeText="Type" messageText="Message" timeText="Time">
  <LogEntry type="Warning" dateTime="3:44:04 PM">
    <Message>The value valve.inlet.closed of HMI tag valve.inlet.cls was not found in worksheet Hmi Tags, row 3, column PLC tag. valve.inlet.cls is not completely imported.</Message>
  </LogEntry>
  <LogEntry type="Warning" dateTime="3:44:04 PM">
    <Message>The value valve.water.closed of HMI tag valve.water.cls was not found in worksheet Hmi Tags, row 4, column PLC tag. valve.water.cls is not completely imported.</Message>
  </LogEntry>
  <LogEntry type="Warning" dateTime="3:44:04 PM">
    <Message>The value valve.drain.closed of HMI tag valve.drain.cls was not found in worksheet Hmi Tags, row 5, column PLC tag. valve.drain.cls is not completely imported.</Message>
  </LogEntry>
  <LogEntry type="Warning" dateTime="3:44:04 PM">
    <Message>The value valve.circulation.closed of HMI tag valve.circulation.cls was not found in worksheet Hmi Tags, row 6, column PLC tag. valve.circulation.cls is not completely imported.</Message>
  </LogEntry>
  <LogEntry type="Warning" dateTime="3:44:04 PM">
    <Message>The value valve.bypass.closed of HMI tag valve.bypass.cls was not found in worksheet Hmi Tags, row 7, column PLC tag. valve.bypass.cls is not completely imported.</Message>
  </LogEntry>
  <LogEntry type="Warning" dateTime="3:44:04 PM">
    <Message>The value valve.outlet.closed of HMI tag valve.outlet.cls was not found in worksheet Hmi Tags, row 8, column PLC tag. valve.outlet.cls is not completely imported.</Message>
  </LogEntry>
  <LogEntry type="Warning" dateTime="3:44:04 PM">
    <Message>The value valve.outlet_product.closed of HMI tag valve.outlet_product.cls was not found in worksheet Hmi Tags, row 9, column PLC tag. valve.outlet_product.cls is not completely imported.</Message>
  </LogEntry>
  <LogEntry type="Warning" dateTime="3:44:04 PM">
    <Message>The value valve.heating.closed of HMI tag valve.heating.cls was not found in worksheet Hmi Tags, row 10, column PLC tag. valve.heating.cls is not completely imported.</Message>
  </LogEntry>
  <LogEntry type="Warning" dateTime="3:44:04 PM">
    <Message>The value valve.cooling.closed of HMI tag valve.cooling.cls was not found in worksheet Hmi Tags, row 11, column PLC tag. valve.cooling.cls is not completely imported.</Message>
  </LogEntry>
  <LogEntry type="Warning" dateTime="3:44:04 PM">
    <Message>The value controlvalve.outlet.closed of HMI tag controlvalve.outlet.cls was not found in worksheet Hmi Tags, row 12, column PLC tag. controlvalve.outlet.cls is not completely imported.</Message>
  </LogEntry>
  <LogEntry type="Warning" dateTime="3:44:04 PM">
    <Message>The value controlvalve.heating.closed of HMI tag controlvalve.heating.cls was not found in worksheet Hmi Tags, row 13, column PLC tag. controlvalve.heating.cls is not completely imported.</Message>
  </LogEntry>
  <LogEntry type="Warning" dateTime="3:44:04 PM">
    <Message>The value controlvalve.cooling.closed of HMI tag controlvalve.cooling.cls was not found in worksheet Hmi Tags, row 14, column PLC tag. controlvalve.cooling.cls is not completely imported.</Message>
  </LogEntry>
  <LogEntry type="Warning" dateTime="3:44:04 PM">
    <Message>The value pump.inlet.closed of HMI tag pump.inlet.cls was not found in worksheet Hmi Tags, row 15, column PLC tag. pump.inlet.cls is not completely imported.</Message>
  </LogEntry>
  <LogEntry type="Warning" dateTime="3:44:04 PM">
    <Message>The value pump.booster.closed of HMI tag pump.booster.cls was not found in worksheet Hmi Tags, row 16, column PLC tag. pump.booster.cls is not completely imported.</Message>
  </LogEntry>
  <LogEntry type="Warning" dateTime="3:44:04 PM">
    <Message>The value pump.heating.closed of HMI tag pump.heating.cls was not found in worksheet Hmi Tags, row 17, column PLC tag. pump.heating.cls is not completely imported.</Message>
  </LogEntry>
  <LogEntry type="Warning" dateTime="3:44:04 PM">
    <Message>The value pump.cooling.closed of HMI tag pump.cooling.cls was not found in worksheet Hmi Tags, row 18, column PLC tag. pump.cooling.cls is not completely imported.</Message>
  </LogEntry>
  <LogEntry type="Warning" dateTime="3:44:04 PM">
    <Message>The value controlvalve.cooling.setpoint of HMI tag controlvalve.cooling.sp was not found in worksheet Hmi Tags, row 20, column PLC tag. controlvalve.cooling.sp is not completely imported.</Message>
  </LogEntry>
  <LogEntry type="Warning" dateTime="3:44:04 PM">
    <Message>The value controlvalve.outlet.setpoint of HMI tag controlvalve.outlet.sp was not found in worksheet Hmi Tags, row 21, column PLC tag. controlvalve.outlet.sp is not completely imported.</Message>
  </LogEntry>
  <LogEntry type="Warning" dateTime="3:44:04 PM">
    <Message>The value pump.inlet.setpoint of HMI tag pump.inlet.sp was not found in worksheet Hmi Tags, row 22, column PLC tag. pump.inlet.sp is not completely imported.</Message>
  </LogEntry>
  <LogEntry type="Warning" dateTime="3:44:04 PM">
    <Message>The value measurement.quanitity of HMI tag quantity.act was not found in worksheet Hmi Tags, row 27, column PLC tag. quantity.act is not completely imported.</Message>
  </LogEntry>
  <LogEntry type="Warning" dateTime="3:44:04 PM">
    <Message>The value calculation.pu.sp of HMI tag pu.sp was not found in worksheet Hmi Tags, row 32, column PLC tag. pu.sp is not completely imported.</Message>
  </LogEntry>
  <LogEntry type="Warning" dateTime="3:44:04 PM">
    <Message>The value calculation.pu.act of HMI tag pu.act was not found in worksheet Hmi Tags, row 33, column PLC tag. pu.act is not completely imported.</Message>
  </LogEntry>
  <LogEntry type="Information" dateTime="3:44:04 PM">
    <Message>Import finished: 32 tag(s) imported.</Message>
  </LogEntry>
</LogFile>